id,name,metal,crystal,deuterium,structural integrity,shield power,weapon power,cargo capacity,base speed,fuel consumption,rapid fire
1,Cruiser,20000,7000,2000,27000,50,400,800,15000,300,13.5/14.5/2.6/15.10
2,Light Fighter,3000,1000,0,4000,10,50,50,12500,20,13.5/14.5
3,Heavy Fighter,6000,4000,0,10000,25,150,100,10000,75,9.3/13.5/14.5
4,Battleship,45000,15000,0,60000,200,100,1500,10000,500,13.5/14.5
5,Battlecruiser,30000,40000,15000,70000,400,700,750,10000,250,13.5/14.5/9.3/10.3/3.4/1.4/4.7
6,Bomber,50000,25000,15000,75000,500,1000,500,4000/5000,1000,13.5/14.5/15.20/16.20/17.10/19.10
7,Destroyer,60000,50000,15000,110000,500,2000,2000,5000,1000,13.5/14.5/16.10/5.2
8,Deathstar,5000000,4000000,1000000,9000000,50000,200000,1000000,100,1,13.1250/14.1250/9.250/10.250/2.200/3.100/1.33/4.30/11.250/12.250/6.25/7.5/5.15/15.200/16.200/17.100/19.100/18.50
9,Small Cargo,2000,2000,0,4000,10,5,5000,5000/10000,10/20,13.5/14.5
10,Large Cargo,6000,6000,0,12000,25,5,25000,7500,50,13.5/14.5
11,Colony Ship,10000,20000,10000,30000,100,50,7500,2500,1000,13.5/14.5
12,Recycler,10000,6000,2000,16000,10,1,20000,2000,300,13.5/14.5
13,Espionage Probe,0,1000,0,1000,0,0,5,100000000,1
14,Solar Satellite,0,2000,500,2000,1,1,0,0,0
15,Rocket Launcher,2000,0,0,2000,20,80
16,Light Laser,1500,500,0,2000,25,100
17,Heavy Laser,6000,2000,0,8000,100,250
18,Gauss Cannon,20000,15000,2000,35000,200,1100
19,Ion Cannon,2000,6000,0,8000,500,150
20,Plasma Turret,50000,50000,30000,100000,300,3000
21,Small Shield Dome,10000,10000,0,20000,2000,1
22,Large Shield Dome,50000,50000,0,100000,10000,1
23,Anti-Ballistic Missiles,8000,0,2000,8000,1,1
24,Interplanetary Missiles,12500,2500,10000,15000,1,12000